{
 "analysis":{
   "authors":"Sergei L Kosakovsky Pond, Ben Murrell, Steven Weaver and Temple iGEM / UCSD viral evolution group",
   "citation":"Less Is More: An Adaptive Branch-Site Random Effects Model for Efficient Detection of Episodic Diversifying Selection (2015). Mol Biol Evol 32 (5): 1342-1353",
   "contact":"spond@temple.edu",
   "info":"aBSREL (Adaptive branch-site random effects likelihood)\n                            uses an adaptive random effects branch-site model framework\n                            to test whether each branch has evolved under positive selection,\n                            using a procedure which infers an optimal number of rate categories per branch.",
   "requirements":"in-frame codon alignment and a phylogenetic tree",
   "version":"2.1"
  },
 "branch attributes":{
   "0":{
     "Node13":{
       "Baseline MG94xREV":0.0975221827810524,
       "Baseline MG94xREV omega ratio":0.01315120524774033,
       "Corrected P-value":1,
       "Full adaptive model":0.1005982479106136,
       "LRT":0,
       "Nucleotide GTR":0.05069307077734116,
       "Rate Distributions":        [
[0.008901739704663035, 1] 
        ],
       "Rate classes":1,
       "Uncorrected P-value":1
      },
     "Node17":{
       "Baseline MG94xREV":0.09322833551518687,
       "Baseline MG94xREV omega ratio":0.04781216928814908,
       "Corrected P-value":1,
       "Full adaptive model":0.02584874257786557,
       "LRT":0.05880907641767408,
       "Nucleotide GTR":0.03669674912250322,
       "Rate Distributions":        [
[0, 0.9292086016827679],
        [1.18129331750145, 0.07079139831723213] 
        ],
       "Rate classes":2,
       "Uncorrected P-value":0.4529847190298764
      },
     "Node19":{
       "Baseline MG94xREV":0.07670351043155331,
       "Baseline MG94xREV omega ratio":0.07238926245125624,
       "Corrected P-value":1,
       "Full adaptive model":0.0631600466427467,
       "LRT":0,
       "Nucleotide GTR":0.05512773329353311,
       "Rate Distributions":        [
[0.06113119001308706, 1] 
        ],
       "Rate classes":1,
       "Uncorrected P-value":1
      },
     "Node3":{
       "Baseline MG94xREV":4.022965281295559,
       "Baseline MG94xREV omega ratio":0.00161400778226633,
       "Corrected P-value":1,
       "Full adaptive model":984.3967773255105,
       "LRT":0,
       "Nucleotide GTR":0.08277010347634683,
       "Rate Distributions":        [
[3.910393057595212e-06, 1] 
        ],
       "Rate classes":1,
       "Uncorrected P-value":1
      },
     "Node5":{
       "Baseline MG94xREV":1368.305600601489,
       "Baseline MG94xREV omega ratio":6.735860194704618e-06,
       "Corrected P-value":1,
       "Full adaptive model":2.494478860306354,
       "LRT":0.02798290412829374,
       "Nucleotide GTR":0.09427562654702346,
       "Rate Distributions":        [
[0.0004588120358621637, 0.9694329334803861],
        [5.916113772278092, 0.03056706651961394] 
        ],
       "Rate classes":2,
       "Uncorrected P-value":0.4692615962407084
      },
     "Node6":{
       "Baseline MG94xREV":0.008306977844133754,
       "Baseline MG94xREV omega ratio":10000000000,
       "Corrected P-value":1,
       "Full adaptive model":0.006707698568229194,
       "LRT":1.571024650955223,
       "Nucleotide GTR":0.03474920670134238,
       "Rate Distributions":        [
[0.5442250596913628, 0.9958394728708571],
        [294.850200107438, 0.004160527129142944] 
        ],
       "Rate classes":2,
       "Uncorrected P-value":0.178777478360388
      },
     "Node7":{
       "Baseline MG94xREV":0.06258467573972454,
       "Baseline MG94xREV omega ratio":0.07307497535352636,
       "Corrected P-value":1,
       "Full adaptive model":0.02324725988130977,
       "LRT":0.5688449837543885,
       "Nucleotide GTR":0.04732715502675866,
       "Rate Distributions":        [
[0, 0.9583539590712673],
        [2.088506922503349, 0.0416460409287327] 
        ],
       "Rate classes":2,
       "Uncorrected P-value":0.3158782531152587
      },
     "Node8":{
       "Baseline MG94xREV":0.2527752860195132,
       "Baseline MG94xREV omega ratio":0.02696605751176829,
       "Corrected P-value":1,
       "Full adaptive model":0.08088230589538023,
       "LRT":0.04643149072217057,
       "Nucleotide GTR":0.1016600679415309,
       "Rate Distributions":        [
[0, 0.9525620010002965],
        [1.120493391803436, 0.04743799899970347] 
        ],
       "Rate classes":2,
       "Uncorrected P-value":0.458994171239562
      },
     "Node9":{
       "Baseline MG94xREV":0.04970574298439742,
       "Baseline MG94xREV omega ratio":0.0596395534628584,
       "Corrected P-value":1,
       "Full adaptive model":0.04840383527022247,
       "LRT":0,
       "Nucleotide GTR":0.04629955048288297,
       "Rate Distributions":        [
[0.03357836139523745, 1] 
        ],
       "Rate classes":1,
       "Uncorrected P-value":1
      },
     "species01":{
       "Baseline MG94xREV":0.04439363130319085,
       "Baseline MG94xREV omega ratio":0.1128348694354481,
       "Corrected P-value":1,
       "Full adaptive model":0.01975346132059453,
       "LRT":0.118567168199661,
       "Nucleotide GTR":0.06497094369467626,
       "Rate Distributions":        [
[0, 0.9308982041239336],
        [1.35638364867621, 0.06910179587606635] 
        ],
       "Rate classes":2,
       "Uncorrected P-value":0.4288505884645664,
       "original name":"species01"
      },
     "species02":{
       "Baseline MG94xREV":6.240043267333014,
       "Baseline MG94xREV omega ratio":0.008812004740922781,
       "Corrected P-value":1,
       "Full adaptive model":109.3288602050311,
       "LRT":-0.005476571001054253,
       "Nucleotide GTR":0.376855251908583,
       "Rate Distributions":        [
[0.003774059598396941, 0.8320446807058867],
        [152.1755091432901, 0.1679553192941133] 
        ],
       "Rate classes":2,
       "Uncorrected P-value":0.5,
       "original name":"species02"
      },
     "species03":{
       "Baseline MG94xREV":0.04212357918621863,
       "Baseline MG94xREV omega ratio":0.07843410513234107,
       "Corrected P-value":1,
       "Full adaptive model":0.01534886349010839,
       "LRT":3.965871666743624,
       "Nucleotide GTR":0.04510328727971412,
       "Rate Distributions":        [
[0.01307302494500871, 0.9853705636162077],
        [8.973774436236042, 0.01462943638379233] 
        ],
       "Rate classes":2,
       "Uncorrected P-value":0.05058564033978225,
       "original name":"species03"
      },
     "species04":{
       "Baseline MG94xREV":0.1208317635874242,
       "Baseline MG94xREV omega ratio":0.02708823863758048,
       "Corrected P-value":1,
       "Full adaptive model":0.1206849245001638,
       "LRT":0,
       "Nucleotide GTR":0.0861681992893429,
       "Rate Distributions":        [
[0.02613507688060488, 1] 
        ],
       "Rate classes":1,
       "Uncorrected P-value":1,
       "original name":"species04"
      },
     "species05":{
       "Baseline MG94xREV":0.1239688956657537,
       "Baseline MG94xREV omega ratio":0.02159414892179907,
       "Corrected P-value":1,
       "Full adaptive model":0.1109236122730062,
       "LRT":0,
       "Nucleotide GTR":0.06641892619121215,
       "Rate Distributions":        [
[0.01951050107822058, 1] 
        ],
       "Rate classes":1,
       "Uncorrected P-value":1,
       "original name":"species05"
      },
     "species06":{
       "Baseline MG94xREV":1368.344244225063,
       "Baseline MG94xREV omega ratio":1.770073905145279e-05,
       "Corrected P-value":1,
       "Full adaptive model":1.684924024552249,
       "LRT":0,
       "Nucleotide GTR":0.2070538830085207,
       "Rate Distributions":        [
[0.002508886857510298, 0.9341914785559078],
        [0.1072477329926634, 0.06580852144409222] 
        ],
       "Rate classes":2,
       "Uncorrected P-value":1,
       "original name":"species06"
      },
     "species07":{
       "Baseline MG94xREV":0.2314097056682078,